City_ID,City,Lat,Lng,Max Temp,Humidity,Cloudiness,Wind Speed,Country,Date
0,naze,28.3667,129.4833,20.510000000000048,89,98,5.47,JP,1670210251
1,eyl,7.9803,49.8164,22.920000000000016,76,82,7.02,SO,1670210439
2,avarua,-21.2078,-159.775,27.03000000000003,89,75,1.54,CK,1670210439
3,sao filipe,14.8961,-24.4956,22.140000000000043,66,92,1.22,CV,1670210440
4,port macquarie,-31.4333,152.9167,26.610000000000014,58,0,6.06,AU,1670210440
5,ushuaia,-54.8,-68.3,4.810000000000002,75,20,5.14,AR,1670210268
6,albany,42.6001,-73.9662,-0.3899999999999863,79,4,1.85,US,1670210320
7,cape town,-33.9258,18.4232,19.100000000000023,66,0,3.58,ZA,1670210441
8,norman wells,65.282,-126.8329,-28.97999999999999,69,20,3.09,CA,1670210441
9,pevek,69.7008,170.3133,-18.019999999999985,75,100,3.66,RU,1670210442
10,longyearbyen,78.2186,15.6401,-2.089999999999975,93,100,13.38,SJ,1670210442
11,busselton,-33.65,115.3333,22.33000000000004,52,100,2.32,AU,1670210443
12,cockburn town,21.4612,-71.1419,25.44,66,32,7.03,TC,1670210441
13,phalodi,27.1333,72.3667,17.32000000000005,24,0,2.61,IN,1670210444
14,mataura,-46.1927,168.8643,10.27000000000004,60,100,1.66,NZ,1670210444
15,saint-philippe,-21.3585,55.7679,26.77000000000004,80,35,4.73,RE,1670210445
16,torbay,47.6666,-52.7314,2.5400000000000205,86,75,13.89,CA,1670210270
17,ilulissat,69.2167,-51.1,4.010000000000048,52,75,5.66,GL,1670210445
18,deputatskiy,69.3,139.9,-26.369999999999976,98,100,1.79,RU,1670210446
19,innisfail,-17.5333,146.0333,28.920000000000016,55,0,4.3,AU,1670210446
20,kavieng,-2.5744,150.7967,27.57000000000005,74,97,4.06,PG,1670210447
21,camacha,33.0833,-16.3333,15.680000000000009,82,40,10.29,PT,1670210448
22,marsh harbour,26.5412,-77.0636,22.900000000000038,65,8,4.08,BS,1670210448
23,mount isa,-20.7333,139.5,36.870000000000005,13,0,3.6,AU,1670210449
24,jamestown,42.097,-79.2353,-0.2299999999999613,59,0,5.14,US,1670210364
25,venadillo,4.7193,-74.9292,22.920000000000016,88,100,2.43,CO,1670210449
26,port alfred,-33.5906,26.891,17.32000000000005,93,100,0.45,ZA,1670210450
27,talnakh,69.4865,88.3972,-2.659999999999968,96,100,2.57,RU,1670210450
28,alyangula,-13.8483,136.4192,31.410000000000025,53,39,2.71,AU,1670210451
29,bandarbeyla,9.4942,50.8122,23.81,75,95,6.96,SO,1670210452
30,kaitangata,-46.2817,169.8464,11.600000000000025,68,100,3.05,NZ,1670210452
31,atuona,-9.8,-139.0333,25.220000000000027,81,15,8.27,PF,1670210453
32,tiksi,71.6872,128.8694,-24.119999999999976,96,100,6.23,RU,1670210453
33,hermanus,-34.4187,19.2345,14.240000000000007,76,17,1.67,ZA,1670210454
34,shingu,33.7333,135.9833,14.480000000000018,43,47,1.33,JP,1670210455
35,almaznyy,48.0448,40.045,-9.349999999999966,66,6,6.28,RU,1670210455
36,gimli,50.6336,-96.9907,-3.989999999999952,74,61,4.12,CA,1670210456
37,luderitz,-26.6481,15.1594,14.910000000000023,73,0,7.3,,1670210457
38,lebu,-37.6167,-73.65,12.740000000000007,89,1,5.04,CL,1670210340
39,gashua,12.871,11.0482,21.07000000000005,17,3,4.46,NG,1670210457
40,pierre,44.3683,-100.351,-0.5299999999999727,65,0,4.63,US,1670210241
41,rikitea,-23.1203,-134.9692,24.150000000000038,82,66,5.48,PF,1670210359
42,berlevag,70.8578,29.0864,-6.0,73,52,2.57,NO,1670210458
43,goundam,16.4145,-3.6708,26.480000000000015,20,67,3.08,ML,1670210459
44,punta arenas,-53.15,-70.9167,5.060000000000002,81,20,10.8,CL,1670210459
45,port lincoln,-34.7333,135.8667,18.46000000000004,54,53,6.17,AU,1670210460
46,kochinda,21.7333,84.35,20.74000000000001,49,6,1.21,IN,1670210460
47,qaanaaq,77.484,-69.3632,-16.17999999999995,68,100,3.87,GL,1670210460
48,vaini,-21.2,-175.2,27.090000000000032,89,75,6.69,TO,1670210461
49,walvis bay,-22.9575,14.5053,13.939999999999998,88,5,2.57,,1670210194
50,bredasdorp,-34.5322,20.0403,12.740000000000007,77,11,1.79,ZA,1670210462
51,dikson,73.5069,80.5464,-1.7399999999999525,91,100,8.43,RU,1670210463
52,oranjemund,-28.55,16.4333,14.870000000000005,88,57,3.29,,1670210463
53,dudinka,69.4058,86.1778,-2.42999999999995,94,100,7.62,RU,1670210463
54,longonjo,-12.9067,15.2533,16.370000000000005,95,59,0.72,AO,1670210464
55,maykor,59.0059,55.88,-14.859999999999957,97,76,1.25,RU,1670210465
56,rio gallegos,-51.6226,-69.2181,9.03000000000003,49,20,4.12,AR,1670210390
57,kapaa,22.0752,-159.319,27.180000000000007,79,0,3.09,US,1670210466
58,redmond,47.674,-122.1215,3.7200000000000273,92,100,0.45,US,1670210466
59,garden city,42.3256,-83.331,-0.0099999999999909,59,0,7.2,US,1670210291
60,amapa,1.0,-52.0,21.5,89,100,0.92,BR,1670210467
61,kryvyy rih,47.9167,33.35,-5.649999999999977,50,6,5.72,UA,1670210292
62,northam,51.0333,-4.2167,4.660000000000025,74,100,5.17,GB,1670210467
63,rosetown,51.5501,-108.0014,-10.009999999999993,73,96,4.12,CA,1670210307
64,port blair,11.6667,92.75,27.79000000000002,78,99,6.41,IN,1670210468
65,hasaki,35.7333,140.8333,10.220000000000027,75,100,8.56,JP,1670210469
66,hithadhoo,-0.6,73.0833,27.52000000000004,75,100,3.93,MV,1670210469
67,hobart,-42.8794,147.3294,11.920000000000016,90,75,11.32,AU,1670210458
68,ponta do sol,32.6667,-17.1,17.350000000000023,77,97,9.31,PT,1670210470
69,bluff,-46.6,168.3333,10.450000000000044,70,100,1.49,NZ,1670210470
70,kampong cham,11.9934,105.4635,28.220000000000027,68,60,6.23,KH,1670210471
71,hilo,19.7297,-155.09,24.03000000000003,81,75,2.57,US,1670210471
72,grajau,-5.8194,-46.1386,22.180000000000007,94,100,0.74,BR,1670210471
73,saskylakh,71.9167,114.0833,-23.819999999999965,96,100,6.13,RU,1670210472
74,komsomolskiy,40.4272,71.7189,0.4000000000000341,80,100,3.09,UZ,1670210473
75,puerto ayora,-0.7393,-90.3518,21.420000000000016,91,75,2.24,EC,1670210474
76,castro,-24.7911,-50.0119,18.07000000000005,98,100,1.57,BR,1670210221
77,kamaishi,39.2667,141.8833,5.0,46,100,4.42,JP,1670210474
78,mar del plata,-38.0023,-57.5575,17.83000000000004,94,0,3.09,AR,1670210289
79,tromso,69.6496,18.957,0.0100000000000477,93,75,9.77,NO,1670210475
80,chokurdakh,70.6333,147.9167,-39.54999999999998,100,97,1.8,RU,1670210476
81,esperance,-33.8667,121.9,18.470000000000027,71,100,6.2,AU,1670210476
82,litovko,49.2361,135.1742,-16.239999999999952,74,35,8.2,RU,1670210477
83,rivadavia,-33.1905,-68.4608,27.970000000000027,26,18,1.66,AR,1670210449
84,tooele,40.5308,-112.2983,7.410000000000025,84,100,3.62,US,1670210478
85,lompoc,34.6391,-120.4579,13.210000000000036,94,0,0.0,US,1670210434
86,yellowknife,62.456,-114.3525,-21.70999999999998,71,100,4.63,CA,1670210478
87,banda aceh,5.5577,95.3222,28.69,68,100,3.42,ID,1670210479
88,rome,34.257,-85.1647,10.260000000000048,75,100,0.0,US,1670210479
89,carnarvon,-24.8667,113.6333,24.340000000000032,61,4,6.12,AU,1670210480
90,tsiroanomandidy,-18.7667,46.0333,18.930000000000007,88,92,0.92,MG,1670210480
91,faanui,-16.4833,-151.75,26.850000000000023,74,2,5.96,PF,1670210481
92,arraial do cabo,-22.9661,-42.0278,22.629999999999995,90,100,12.73,BR,1670210481
93,chaman,30.9236,66.4512,8.170000000000016,41,0,0.95,PK,1670210482
94,upata,8.0086,-62.3989,21.77000000000004,92,99,1.37,VE,1670210482
95,marechal candido rondon,-24.5561,-54.0567,20.77000000000004,97,93,1.38,BR,1670210483
96,port elizabeth,-33.918,25.5701,14.620000000000005,99,20,5.66,ZA,1670210196
97,bethel,41.3712,-73.414,0.1800000000000068,74,0,0.0,US,1670210408
98,grong,64.4654,12.3149,-3.3999999999999773,97,100,2.4,NO,1670210484
99,oneonta,42.4529,-75.0638,1.2000000000000457,79,7,2.73,US,1670210405
100,cap malheureux,-19.9842,57.6142,25.82000000000005,66,90,3.13,MU,1670210484
101,hirado,33.3597,129.5531,12.439999999999998,62,100,8.49,JP,1670210485
102,pisco,-13.7,-76.2167,19.03000000000003,82,0,3.6,PE,1670210485
103,olavarria,-36.8927,-60.3225,17.939999999999998,48,1,4.42,AR,1670210486
104,butaritari,3.0707,172.7902,26.99000000000001,80,65,4.76,KI,1670210486
105,bathsheba,13.2167,-59.5167,23.920000000000016,96,20,2.57,BB,1670210486
106,khatanga,71.9667,102.5,-17.919999999999987,98,100,1.51,RU,1670210487
107,cidreira,-30.1811,-50.2056,21.96000000000004,95,54,1.99,BR,1670210487
108,sobolevo,54.4299,31.8996,-10.21999999999997,88,100,4.01,RU,1670210488
109,kruisfontein,-34.0033,24.7314,13.340000000000032,89,72,2.94,ZA,1670210488
110,tuktoyaktuk,69.4541,-133.0374,-26.99999999999997,76,0,6.69,CA,1670210489
111,copperas cove,31.1241,-97.9031,12.730000000000018,93,100,3.6,US,1670210215
112,broome,42.2506,-75.833,0.3700000000000045,70,0,4.12,US,1670210490
113,palmer,42.1584,-72.3287,-0.6399999999999864,72,0,1.74,US,1670210491
114,oussouye,12.485,-16.5469,22.100000000000023,80,100,2.82,SN,1670210492
115,mlonggo,-6.5333,110.7,29.590000000000032,67,92,1.42,ID,1670210492
116,mumford,5.2618,-0.759,25.83000000000004,88,23,2.66,GH,1670210493
117,ola,59.5833,151.2833,-25.47999999999999,78,52,3.11,RU,1670210488
118,constitucion,-35.3333,-72.4167,13.090000000000032,81,0,5.41,CL,1670210371
119,nabire,-3.3667,135.4833,30.79000000000002,59,91,2.31,ID,1670210494
120,ambon,-3.6954,128.1814,30.08000000000004,74,40,1.54,ID,1670210494
121,kahului,20.8947,-156.47,27.010000000000048,68,40,6.69,US,1670210454
122,hendrina,-26.1588,29.7153,14.340000000000032,80,6,2.3,ZA,1670210495
123,kirakira,-10.4544,161.9205,27.99000000000001,80,100,4.02,SB,1670210495
124,acarau,-2.8856,-40.12,26.21000000000004,76,52,8.71,BR,1670210496
125,baringo,0.4667,35.9667,18.53000000000003,74,73,2.85,KE,1670210496
126,upernavik,72.7868,-56.1549,-3.4899999999999523,70,100,4.43,GL,1670210497
127,tazovskiy,67.4667,78.7,-2.4599999999999795,92,100,7.73,RU,1670210497
128,cabo san lucas,22.8909,-109.9124,26.170000000000016,74,20,0.0,MX,1670210369
129,lavrentiya,65.5833,-171.0,0.3400000000000318,98,100,16.21,RU,1670210498
130,jacala,21.0167,-99.1833,12.82000000000005,95,30,0.8,MX,1670210499
131,puyang,29.4603,119.8861,6.020000000000039,93,100,1.63,CN,1670210499
132,tura,25.5198,90.2201,21.470000000000027,63,0,0.4,IN,1670210500
133,yinchuan,38.4681,106.2731,-3.1499999999999773,28,0,1.58,CN,1670210501
134,fortuna,40.5982,-124.1573,8.840000000000032,94,100,7.2,US,1670210501
135,altona,53.55,9.9333,5.53000000000003,95,100,4.12,DE,1670210502
136,the pas,53.8251,-101.2541,-20.98999999999998,71,40,5.66,CA,1670210502
137,quilpue,-33.045,-71.4494,14.050000000000011,88,0,2.06,CL,1670210502
138,georgetown,5.4112,100.3354,29.379999999999995,80,20,2.06,MY,1670210503
139,ranfurly,-45.1333,170.1,16.730000000000018,73,99,1.61,NZ,1670210503
140,tasiilaq,65.6145,-37.6368,-1.909999999999968,71,77,1.85,GL,1670210504
141,ballina,-28.8667,153.5667,28.340000000000032,61,1,3.29,AU,1670210504
142,tommot,58.9564,126.2925,-13.560000000000002,91,100,6.86,RU,1670210505
143,iqaluit,63.7506,-68.5145,-4.149999999999977,92,100,7.2,CA,1670210505
144,itoman,26.1247,127.6694,26.010000000000048,76,75,3.09,JP,1670210507
145,mogadishu,2.0371,45.3438,25.870000000000005,77,89,6.33,SO,1670210394
146,ostrovnoy,68.0531,39.5131,-4.979999999999961,89,100,7.8,RU,1670210507
147,saint-louis,16.3333,-15.0,20.80000000000001,43,95,3.96,SN,1670210508
148,coihaique,-45.5752,-72.0662,9.970000000000027,93,20,3.09,CL,1670210374
149,kawalu,-7.3817,108.2082,29.56,64,54,1.14,ID,1670210509
150,cairns,-16.9167,145.7667,35.04000000000002,57,40,4.12,AU,1670210509
151,leningradskiy,69.3833,178.4167,-11.21999999999997,94,100,8.96,RU,1670210510
152,padang,-0.9492,100.3543,29.03000000000003,79,100,1.03,ID,1670210510
153,los llanos de aridane,28.6585,-17.9182,18.860000000000014,88,75,3.58,ES,1670210511
154,piacabucu,-10.4056,-36.4344,23.840000000000032,88,72,4.27,BR,1670210511
155,kununurra,-15.7667,128.7333,37.99000000000001,32,71,2.06,AU,1670210512
156,aklavik,68.2191,-135.0107,-24.299999999999983,94,45,4.66,CA,1670210512
157,denpasar,-8.65,115.2167,32.81,62,40,4.12,ID,1670209939
158,mecca,21.4267,39.8261,23.29000000000002,81,49,1.85,SA,1670210388
159,erenhot,43.6475,111.9767,-12.089999999999977,48,0,5.47,CN,1670210513
160,sitka,57.0531,-135.33,0.9399999999999976,75,0,1.54,US,1670210514
161,isangel,-19.55,169.2667,31.06,79,100,1.54,VU,1670210514
162,biak,-0.9131,122.8766,27.110000000000014,76,100,0.32,ID,1670210515
163,sao jose da coroa grande,-8.8978,-35.1478,24.33000000000004,86,16,4.6,BR,1670210515
164,nikolskoye,59.7035,30.7861,-4.060000000000002,94,100,3.27,RU,1670210516
165,abnub,27.2696,31.1511,14.379999999999995,87,0,4.66,EG,1670210516
166,sinnamary,5.3833,-52.95,24.379999999999995,88,100,1.38,GF,1670210517
167,karaton,-6.3424,106.1045,29.71000000000004,62,100,1.64,ID,1670210517
168,barrow,71.2906,-156.7887,-5.989999999999952,86,20,12.35,US,1670210518
169,uniontown,39.9001,-79.7164,-0.8499999999999659,69,0,2.18,US,1670210518
170,rolla,37.9514,-91.7713,6.080000000000041,48,100,5.14,US,1670210447
171,shitanjing,39.2342,106.3439,-4.329999999999984,34,0,1.13,CN,1670210519
172,aromashevo,56.8602,68.6375,-22.99999999999997,100,98,1.56,RU,1670210519
173,tevaitoa,-16.7833,-151.5,26.850000000000023,76,3,6.75,PF,1670210520
174,raga,8.4596,25.678,21.610000000000014,39,23,1.83,SS,1670210520
175,jiblah,13.9216,44.1467,12.189999999999998,62,7,1.51,YE,1670210521
176,douglas,41.3,-96.167,2.400000000000034,54,0,5.66,US,1670210483
177,bad doberan,54.1071,11.9005,3.890000000000043,98,100,6.15,DE,1670210522
178,hualmay,-11.0964,-77.6139,19.200000000000045,83,0,3.06,PE,1670210522
179,ocos,14.5094,-92.1933,25.100000000000023,78,0,0.61,GT,1670210523
180,saldanha,-33.0117,17.9442,13.03000000000003,81,0,6.14,ZA,1670210523
181,darlowo,54.421,16.4107,1.6000000000000227,90,100,5.68,PL,1670210524
182,rudnyy,52.9594,63.1206,-18.869999999999976,97,97,1.35,KZ,1670210525
183,chuy,-33.6971,-53.4616,17.220000000000027,95,0,1.75,UY,1670210525
184,thompson,55.7435,-97.8558,-29.909999999999968,76,20,5.14,CA,1670210526
185,ypsilanti,42.2412,-83.613,-0.2099999999999795,63,0,4.63,US,1670210437
186,diego de almagro,-26.3667,-70.05,17.99000000000001,36,0,0.92,CL,1670210488
187,hami,42.8,93.45,-3.5600000000000023,38,80,1.82,CN,1670210527
188,nyimba,-14.5566,30.8149,22.879999999999995,52,100,1.2,ZM,1670210527
189,ribeira grande,38.5167,-28.7,16.54000000000002,74,27,5.81,PT,1670210528
190,salekhard,66.53,66.6019,-11.389999999999986,87,25,3.41,RU,1670210528
191,pangnirtung,66.1451,-65.7125,-0.5799999999999841,80,100,6.84,CA,1670210529
192,guadalupe y calvo,26.1,-106.9667,10.83000000000004,67,100,1.33,MX,1670210529
193,tchamba,9.0333,1.4167,21.129999999999995,36,16,0.46,TG,1670210529
194,westport,41.1415,-73.3579,3.75,66,0,1.54,US,1670210270
195,magnolia,33.2671,-93.2393,6.830000000000041,73,100,1.7,US,1670210350
196,mahebourg,-20.4081,57.7,26.160000000000025,69,40,4.12,MU,1670210531
197,salalah,17.0151,54.0924,22.05000000000001,83,20,2.57,OM,1670210531
198,marinette,45.1,-87.6307,0.2700000000000386,49,7,9.71,US,1670210458
199,plymouth,41.8334,-70.8328,2.0400000000000205,73,0,0.0,US,1670210271
200,tocopilla,-22.092,-70.1979,19.200000000000045,69,2,0.21,CL,1670210532
201,san patricio,28.017,-97.5169,19.480000000000015,88,100,2.49,US,1670210533
202,gornyy,55.1153,83.9059,-25.049999999999983,100,43,0.53,RU,1670210533
203,salto,-31.3833,-57.9667,23.260000000000048,62,0,0.89,UY,1670210431
204,bambous virieux,-20.3428,57.7575,26.140000000000043,69,40,4.12,MU,1670210534
205,adrar,20.5022,-10.0711,20.680000000000007,24,1,1.74,MR,1670210535
206,morro bay,35.3658,-120.8499,12.890000000000043,93,50,1.89,US,1670210535
207,daru,-9.0763,143.2092,29.02000000000004,64,68,3.72,PG,1670210536
208,sabang,5.8933,95.3214,27.49000000000001,75,100,5.84,ID,1670210536
209,alofi,-19.0595,-169.9187,27.94,74,76,1.54,NU,1670210537
210,klaksvik,62.2266,-6.589,4.510000000000048,77,96,7.04,FO,1670210537
211,touros,-5.1989,-35.4608,25.370000000000005,76,9,5.85,BR,1670210537
212,port keats,-14.25,129.55,32.89000000000004,54,73,5.17,AU,1670210538
213,fairbanks,64.8378,-147.7164,-11.060000000000002,85,0,0.0,US,1670210538
214,petropavlovsk-kamchatskiy,53.0452,158.6483,-9.66999999999996,45,0,4.0,RU,1670210444
215,suzun,53.7841,82.3116,-14.819999999999991,93,100,0.96,RU,1670210539
216,kodiak,57.79,-152.4072,3.730000000000018,87,100,0.0,US,1670210540
217,ocampo,21.65,-101.5,10.370000000000005,68,0,2.94,MX,1670210540
218,buala,-8.145,159.5921,29.04000000000002,73,100,4.01,SB,1670210541
219,manono,-7.3,27.4167,19.510000000000048,99,100,1.87,CD,1670210541
220,bengkulu,-3.8004,102.2655,25.52000000000004,79,99,0.66,ID,1670210542
221,lewistown,40.5992,-77.5714,0.1000000000000227,93,0,0.0,US,1670210542
222,sheridan,44.8333,-106.9173,1.840000000000032,60,100,3.09,US,1670210543
223,turka,49.1541,23.0297,-2.339999999999975,91,86,2.08,UA,1670210543
224,xinqing,48.2333,129.5,-16.329999999999984,72,9,5.36,CN,1670210544
225,kamenka,51.3223,42.7678,-10.089999999999977,68,0,2.09,RU,1670210544
226,vila velha,-20.3297,-40.2925,22.19,94,100,2.06,BR,1670210545
227,marienburg,54.0359,19.0266,3.25,90,100,3.64,PL,1670210545
228,new norfolk,-42.7826,147.0587,11.720000000000027,72,100,1.79,AU,1670210546
229,kachug,53.9606,105.8817,-18.779999999999973,92,56,1.07,RU,1670210546
230,takoradi,4.8845,-1.7554,26.03000000000003,85,17,2.64,GH,1670210547
231,tianpeng,30.9866,103.9393,10.960000000000036,67,15,1.09,CN,1670210547
232,ashdod,31.8167,34.65,13.160000000000023,67,9,2.5,IL,1670210548
233,east london,-33.0153,27.9116,20.160000000000025,94,100,5.63,ZA,1670210537
234,ponta delgada,37.7333,-25.6667,14.170000000000016,82,20,3.09,PT,1670210549
235,rudsar,37.1376,50.288,6.990000000000009,87,100,1.57,IR,1670210549
236,fethiye,36.6217,29.1164,8.930000000000007,64,0,2.07,TR,1670210550
237,clyde,41.3042,-82.9752,-0.1999999999999886,64,0,5.7,US,1670210550
238,saint george,37.1041,-113.5841,11.910000000000023,59,20,0.45,US,1670210271
239,coruripe,-10.1256,-36.1756,23.81,88,100,4.74,BR,1670210551
240,opuwo,-18.0607,13.84,19.160000000000025,43,25,1.87,,1670210484
241,zyryanka,65.75,150.85,-40.90999999999997,97,32,3.28,RU,1670210551
242,nantucket,41.2835,-70.0995,3.410000000000025,66,0,2.06,US,1670210552
243,airai,-8.9266,125.4092,26.100000000000023,33,97,1.0,TL,1670210529
244,lorengau,-2.0226,147.2712,28.27000000000004,74,81,2.0,PG,1670210552
245,roma,43.2128,-75.4557,0.0500000000000113,72,0,3.09,US,1670210553
246,katsuura,35.1333,140.3,10.010000000000048,81,100,8.43,JP,1670210553
247,cururupu,-1.8283,-44.8683,23.879999999999995,91,99,1.74,BR,1670210553
248,namwala,-15.7504,26.4384,20.78000000000003,45,4,1.74,ZM,1670210554
249,kuminskiy,58.6667,66.5667,-20.879999999999967,100,98,1.45,RU,1670210554
250,oksfjord,70.2396,22.3479,-0.8999999999999773,76,92,4.8,NO,1670210555
251,namibe,-15.1961,12.1522,20.75,83,100,1.87,AO,1670210555
252,yurty,56.0498,97.6348,-17.95999999999998,92,28,2.48,RU,1670210556
253,burnie,-41.0667,145.9167,21.08000000000004,48,84,3.5,AU,1670210453
254,uarini,-2.99,-65.1083,23.879999999999995,92,73,0.62,BR,1670210557
255,merauke,-8.4667,140.3333,29.06,65,100,3.02,ID,1670210557
256,kaduna,10.5222,7.4383,20.99000000000001,31,9,3.39,NG,1670210558
257,malanje,-9.5402,16.341,17.120000000000005,98,100,0.39,AO,1670210558
258,atbasar,51.8,68.3333,-19.98999999999998,100,98,1.79,KZ,1670210558
259,sao joao da barra,-21.6403,-41.0511,22.99000000000001,86,100,7.38,BR,1670210559
260,terney,45.0503,136.6092,-9.899999999999975,52,12,3.84,RU,1670210559
261,henties bay,-22.116,14.2845,14.04000000000002,92,7,2.73,,1670210560
262,thurso,58.5927,-3.5259,3.140000000000043,70,90,2.62,GB,1670210511
263,thinadhoo,0.5333,72.9333,27.379999999999995,74,87,2.85,MV,1670210560
264,saint-pierre,-21.3393,55.4781,27.170000000000016,39,0,2.06,RE,1670210561
265,havre-saint-pierre,50.2334,-63.5986,-4.0,79,0,5.66,CA,1670210561
266,shitkino,56.3703,98.3543,-18.55999999999997,95,62,2.61,RU,1670210562
267,nanortalik,60.1432,-45.2371,0.7000000000000455,81,100,4.61,GL,1670210562
268,akdepe,42.0551,59.3788,-9.649999999999975,76,7,2.03,TM,1670210562
269,banjarmasin,-3.3244,114.591,31.08000000000004,60,94,0.92,ID,1670210538
270,karaidel,55.8337,56.9069,-18.019999999999985,100,86,1.55,RU,1670210563
271,primorsk,46.7348,36.3443,-1.259999999999991,77,95,12.21,UA,1670210564
272,lodhran,29.5405,71.6336,17.939999999999998,24,0,0.59,PK,1670210564
273,chudniv,50.052,28.1175,-7.060000000000002,83,100,5.73,UA,1670210564
274,mahon,39.8885,4.2658,14.310000000000002,94,40,1.54,ES,1670210565
275,dingle,10.9995,122.6711,25.890000000000043,90,100,6.32,PH,1670210565
276,sorong,-0.8833,131.25,27.450000000000045,79,100,3.88,ID,1670210566
277,laguna,38.421,-121.4238,10.990000000000007,93,20,2.57,US,1670210566
278,punta de bombon,-17.1717,-71.7931,19.640000000000043,80,18,1.69,PE,1670210567
279,natal,-5.795,-35.2094,25.120000000000005,78,40,3.6,BR,1670210567
280,sovetskiy,61.3614,63.5842,-13.909999999999968,98,100,0.46,RU,1670210568
281,asau,46.4333,26.4,-2.4899999999999523,98,100,1.57,RO,1670210568
282,margate,51.3813,1.3862,6.600000000000023,84,100,2.24,GB,1670210569
283,puerto escondido,15.85,-97.0667,24.46000000000004,73,0,3.6,MX,1670210569
284,ancud,-41.8697,-73.8203,13.050000000000011,92,100,5.19,CL,1670210569
285,potosi,-19.5836,-65.7531,3.550000000000012,94,100,1.11,BO,1670210570
286,batemans bay,-35.7167,150.1833,21.720000000000027,58,76,1.93,AU,1670210570
287,kongolo,-5.3833,27.0,19.720000000000027,99,100,0.42,CD,1670210571
288,victoria,22.2855,114.1577,19.58000000000004,74,100,5.81,HK,1670210277
289,sola,-13.8833,167.55,31.370000000000005,70,40,4.12,VU,1670210572
290,ueda,36.4,138.2667,6.1200000000000045,60,90,1.57,JP,1670210572
291,sangre grande,10.5835,-61.1177,24.54000000000002,91,26,0.82,TT,1670210549
292,digby,44.6169,-65.7655,0.8799999999999955,64,100,3.02,CA,1670210573
293,inhambane,-23.865,35.3833,26.99000000000001,89,75,4.12,MZ,1670210499
294,kaka,37.3482,59.6143,-2.0,50,14,1.41,TM,1670210574
295,lagoa,39.05,-27.9833,15.33000000000004,66,41,4.07,PT,1670210574
296,tahe,52.3333,124.7333,-14.629999999999995,62,92,2.73,CN,1670210575
297,olafsvik,64.8945,-23.7142,5.970000000000027,82,99,2.88,IS,1670210575
298,chapais,49.7834,-74.8492,-11.120000000000005,95,100,2.59,CA,1670210575
299,tual,-5.6667,132.75,28.24000000000001,72,84,2.56,ID,1670210576
300,beausejour,50.0622,-96.5167,-6.129999999999996,89,100,5.1,CA,1670210576
301,ust-koksa,50.2696,85.6108,-12.16999999999996,95,99,0.92,RU,1670210577
302,waddan,29.1614,16.139,18.390000000000043,27,3,2.8,LY,1670210577
303,itaituba,-4.2761,-55.9836,23.400000000000038,98,100,1.1,BR,1670210467
304,riberalta,-10.9833,-66.1,24.160000000000025,76,19,0.97,BO,1670210578
305,portland,45.5234,-122.6762,2.32000000000005,94,100,3.13,US,1670210524
306,kemi,65.8596,24.8228,-1.1299999999999957,74,100,4.63,FI,1670210579
307,madimba,-10.4,40.3333,24.5,84,22,1.99,TZ,1670210579
308,bud,39.447,-86.1758,0.0800000000000409,63,10,2.9,US,1670210579
309,port-gentil,-0.7193,8.7815,26.129999999999995,85,86,4.17,GA,1670210580
310,chinsali,-10.5414,32.0816,17.810000000000002,86,100,1.2,ZM,1670210581
311,turan,16.0678,108.2208,25.99000000000001,83,75,4.12,VN,1670210581
312,manitowoc,44.0667,-87.8001,-0.2999999999999545,66,0,0.89,US,1670210582
313,zhaotong,27.3167,103.7167,4.160000000000025,60,17,1.9,CN,1670210582
314,erzin,36.9559,36.2,13.07000000000005,58,47,1.71,TR,1670210583
315,khasan,42.4308,130.6434,-3.7999999999999545,38,0,6.92,RU,1670210583
316,aguada de pasajeros,22.385,-80.8508,19.83000000000004,76,1,3.03,CU,1670210584
317,pychas,56.5033,52.4409,-17.25999999999999,97,59,2.58,RU,1670210584
318,joshimath,30.5667,79.5667,12.110000000000014,16,1,1.7,IN,1670210585
319,terrace,54.5163,-128.6035,-9.049999999999956,57,0,11.32,CA,1670210585
320,sekondi,4.937,-1.7128,25.77000000000004,86,37,2.77,GH,1670210586
321,rezh,57.37,61.4043,-13.089999999999977,98,100,2.1,RU,1670210587
322,severodvinsk,64.5635,39.8302,-10.939999999999998,88,100,4.6,RU,1670210587
323,jablah,35.3614,35.9256,16.170000000000016,59,0,2.34,SY,1670210588
324,belaya gora,68.5333,146.4167,-33.869999999999976,98,99,1.76,RU,1670210588
325,freeport,40.6576,-73.5832,5.660000000000025,65,0,3.6,US,1670210589
326,arauca,7.0847,-70.7591,24.0,94,20,0.51,CO,1670210589
327,najran,17.4924,44.1277,11.360000000000014,53,0,0.53,SA,1670210590
328,bilibino,68.0546,166.4372,-30.789999999999964,98,89,2.28,RU,1670210590
329,sioux lookout,50.1001,-91.917,-8.95999999999998,86,100,2.57,CA,1670210591
330,san vicente,-26.6167,-54.1333,18.510000000000048,98,74,1.11,AR,1670210521
331,lata,40.1629,-8.3327,11.620000000000005,84,100,4.65,PT,1670210592
332,rocha,-34.4833,-54.3333,15.100000000000025,95,1,2.14,UY,1670210592
333,jalu,29.0331,21.5482,14.450000000000044,57,5,4.07,LY,1670210593
334,sangar,63.9242,127.4739,-29.42999999999998,93,100,5.34,RU,1670210594
335,finschhafen,-6.6024,147.8681,28.25,75,100,2.09,PG,1670210594
336,deniliquin,-35.5333,144.9667,25.77000000000004,31,65,6.48,AU,1670210594
337,banjar,-8.19,114.9675,30.07000000000005,69,53,1.87,ID,1670210595
338,aswan,24.0934,32.907,17.100000000000023,48,99,4.02,EG,1670210596
339,beidao,34.5686,105.8933,3.5200000000000387,44,0,0.31,CN,1670210596
340,la ronge,55.1001,-105.2842,-19.859999999999985,59,0,6.17,CA,1670210597
341,monrovia,6.3005,-10.7969,25.32000000000005,82,88,0.89,LR,1670210597
342,palu,-0.8917,119.8707,31.360000000000014,60,99,1.39,ID,1670210598
343,pochinki,54.6988,44.8668,-16.46999999999997,95,16,0.92,RU,1670210598
344,narsaq,60.9167,-46.05,-5.879999999999996,65,100,3.39,GL,1670210599
345,provideniya,64.3833,-173.3,0.0500000000000113,99,100,2.89,RU,1670210599
346,severo-kurilsk,50.6789,156.125,-5.389999999999986,84,95,15.87,RU,1670210600
347,macheng,31.1783,115.0319,5.840000000000032,73,99,1.45,CN,1670210600
348,dunda,-8.1167,34.25,18.94,64,100,0.41,TZ,1670210601
349,ust-ishim,57.6935,71.1665,-23.649999999999977,100,45,1.24,RU,1670210601
350,knysna,-34.0363,23.0471,13.400000000000034,81,9,2.44,ZA,1670210602
351,maniitsoq,65.4167,-52.9,0.2000000000000454,69,99,8.23,GL,1670210602
352,nueve de julio,-35.4444,-60.8831,24.420000000000016,49,2,0.89,AR,1670210603
353,yenagoa,4.9247,6.2642,24.54000000000002,93,3,1.38,NG,1670210604
354,ankazobe,-18.3167,47.1167,17.950000000000045,86,91,2.17,MG,1670210605
355,nome,64.5011,-165.4064,1.7300000000000182,98,100,14.49,US,1670210605
356,san quintin,30.4833,-115.95,15.970000000000027,89,96,4.22,MX,1670210606
357,taoudenni,22.6783,-3.9836,25.720000000000027,21,84,4.41,ML,1670210606
358,muravlenko,63.7898,74.523,-9.409999999999968,95,100,5.53,RU,1670210607
359,cabedelo,-6.9811,-34.8339,25.370000000000005,78,28,5.78,BR,1670210607
360,pokosnoye,55.5258,101.0536,-15.649999999999975,84,61,4.48,RU,1670210608
361,gat,31.61,34.7642,15.78000000000003,73,4,1.44,IL,1670210608
362,sorland,67.667,12.6934,5.920000000000016,72,99,10.98,NO,1670210539
363,gweta,-20.1833,25.2333,26.350000000000023,38,9,3.5,BW,1670210609
364,baruun-urt,46.6806,113.2792,-16.870000000000005,69,2,5.1,MN,1670210609
365,charters towers,-20.1,146.2667,32.21000000000004,23,0,3.79,AU,1670210610
366,manicore,-5.8092,-61.3003,23.140000000000043,96,49,0.73,BR,1670210610
367,beringovskiy,63.05,179.3167,-14.769999999999982,85,61,4.13,RU,1670210611
368,oliver,49.1831,-119.5524,-5.199999999999989,73,85,1.03,CA,1670210611
369,taga,46.95,24.05,0.1800000000000068,88,84,1.87,RO,1670210611
370,grand gaube,-20.0064,57.6608,26.220000000000027,66,86,3.13,MU,1670210407
371,hurghada,27.2574,33.8129,17.930000000000007,67,0,7.75,EG,1670210426
372,dalvik,65.9702,-18.5286,-4.039999999999964,78,52,2.14,IS,1670210612
373,shanghai,31.2222,121.4581,9.400000000000034,75,75,5.0,CN,1670210141
374,emerald,-23.5333,148.1667,31.30000000000001,32,0,3.49,AU,1670210613
375,jiaxing,30.7522,120.75,9.450000000000044,83,100,5.24,CN,1670210613
376,shenjiamen,29.9576,122.298,11.810000000000002,75,100,9.16,CN,1670210435
377,shakawe,-18.3667,21.85,24.27000000000004,34,86,2.23,BW,1670210614
378,bartica,6.4,-58.6167,22.180000000000007,99,100,0.48,GY,1670210615
379,chifeng,42.2683,118.9636,-7.569999999999993,30,0,6.55,CN,1670210615
380,boyolangu,-8.1181,111.8935,29.700000000000045,68,74,0.55,ID,1670210615
381,hofn,64.2539,-15.2082,4.5,51,43,5.08,IS,1670210616
382,port hardy,50.6996,-127.4199,-3.899999999999977,100,20,2.06,CA,1670210616
383,srednekolymsk,67.45,153.6833,-44.20999999999998,100,64,1.5,RU,1670210617
384,the valley,18.217,-63.0578,25.05000000000001,65,0,4.49,AI,1670210617
385,petrivka,46.9695,30.9591,-3.9699999999999696,62,94,5.61,UA,1670210618
386,doka,13.5167,35.7667,22.27000000000004,41,2,4.02,SD,1670210618
387,ust-maya,60.4167,134.5333,-22.669999999999987,97,100,1.62,RU,1670210619
388,waingapu,-9.6567,120.2641,30.19,61,98,2.95,ID,1670210619
389,raudeberg,61.9875,5.1352,3.260000000000048,73,100,5.35,NO,1670210619
390,totolapan,18.5167,-96.1833,22.06,89,97,1.9,MX,1670210620
391,antalaha,-14.9003,50.2788,23.910000000000025,81,67,2.4,MG,1670210620
392,thunder bay,48.4001,-89.3168,-9.009999999999993,85,75,1.54,CA,1670210332
393,makakilo city,21.3469,-158.0858,24.860000000000014,81,75,2.57,US,1670210621
394,anamur,36.0751,32.8369,15.970000000000027,55,1,2.08,TR,1670210622
395,aitape,-3.1374,142.3475,29.03000000000003,79,100,4.98,PG,1670210623
396,methoni,36.8197,21.7049,15.120000000000005,78,58,4.83,GR,1670210623
397,geraldton,-28.7667,114.6,24.230000000000015,57,0,6.17,AU,1670210360
398,iwanai,42.9744,140.5089,-3.4699999999999704,80,100,8.33,JP,1670210624
399,miandrivazo,-19.5167,45.4667,24.590000000000032,72,6,1.49,MG,1670210624
400,san javier,37.8063,-0.8374,13.879999999999995,88,100,2.57,ES,1670210625
401,mumbwa,-14.9783,27.0619,19.56,54,76,3.01,ZM,1670210625
402,chkalovskoye,44.8392,133.0436,-10.509999999999993,61,2,4.99,RU,1670210626
403,broken hill,-31.95,141.4333,28.730000000000015,25,61,6.07,AU,1670210626
404,canillo,42.5833,1.6667,-6.42999999999995,84,3,1.17,AD,1670210627
405,savelugu,9.6244,-0.8253,26.980000000000015,31,43,2.03,GH,1670210627
406,birin,26.8865,88.0718,15.25,51,6,1.0,NP,1670210628
407,fomboni,-12.28,43.7425,27.260000000000048,73,15,5.07,KM,1670210628
408,pacaembu,-21.5622,-51.2606,21.400000000000038,93,100,2.88,BR,1670210629
409,garissa,-0.4536,39.6401,24.220000000000027,77,94,2.67,KE,1670210629
410,kathu,7.9178,98.3332,28.720000000000027,99,100,6.11,TH,1670210630
411,porto franco,-6.3383,-47.3992,22.260000000000048,94,99,0.17,BR,1670210630
412,vardo,70.3705,31.1107,-4.009999999999991,80,100,9.26,NO,1670210631
413,cacheu,12.2706,-16.1658,22.05000000000001,81,97,1.91,GW,1670210631
414,leshukonskoye,64.8989,45.7622,-15.489999999999952,92,55,2.8,RU,1670210631
415,sal rei,16.1833,-22.9167,21.660000000000025,64,100,3.25,CV,1670210632
416,awbari,26.5921,12.7805,18.230000000000015,25,0,3.86,LY,1670210632
417,yaan,7.3833,8.5667,23.25,77,6,2.1,NG,1670210633
418,halapitan,7.9175,125.33,24.150000000000038,90,99,1.36,PH,1670210633
419,vadso,70.0744,29.7487,-5.909999999999968,86,100,9.26,NO,1670210634
420,ketchikan,55.3422,-131.6461,1.990000000000009,75,0,6.17,US,1670210634
421,anadyr,64.75,177.4833,-13.71999999999997,84,100,12.0,RU,1670210634
422,arman,59.7,150.1667,-25.549999999999983,79,96,3.87,RU,1670210635
423,suamico,44.6319,-88.0393,0.0200000000000386,63,0,5.14,US,1670210635
424,hauterive,46.0901,3.4459,1.420000000000016,93,38,2.08,FR,1670210636
425,timra,62.487,17.3257,-11.17999999999995,92,100,0.51,SE,1670210636
426,batagay-alyta,67.8006,130.4114,-23.569999999999965,100,100,0.9,RU,1670210637
427,hamilton,39.1834,-84.5333,0.9900000000000092,60,0,2.06,US,1670210405
428,san cristobal,7.7669,-72.225,19.100000000000023,97,91,1.4,VE,1670210638
429,zhigansk,66.7697,123.3711,-27.109999999999985,97,100,0.41,RU,1670210638
430,zhangye,38.9342,100.4517,-2.1200000000000045,48,0,1.01,CN,1670210638
431,lieksa,63.3167,30.0167,-7.339999999999975,97,97,1.67,FI,1670210639
432,aborlan,9.4352,118.5492,31.04000000000002,68,99,3.86,PH,1670210639
433,paamiut,61.994,-49.6678,0.3100000000000023,72,71,10.77,GL,1670210640
434,kurilsk,45.2333,147.8833,-3.019999999999982,66,100,12.53,RU,1670210640
435,poum,-20.2333,164.0167,27.03000000000003,81,99,7.81,NC,1670210641
436,pavino,59.1139,46.1414,-16.569999999999993,96,13,1.22,RU,1670210641
437,parkes,-33.1333,148.1833,31.100000000000023,23,52,5.78,AU,1670210442
438,kapit,2.0167,112.9333,31.02000000000004,61,100,0.81,MY,1670210642
439,lipin bor,60.2622,37.9763,-7.169999999999959,81,100,4.94,RU,1670210642
440,fort nelson,58.8053,-122.7002,-9.22999999999996,53,100,2.06,CA,1670210643
441,maceio,-9.6658,-35.7353,22.69,100,100,2.06,BR,1670210644
442,tuatapere,-46.1333,167.6833,13.680000000000009,72,99,1.33,NZ,1670210644
443,benghazi,32.1167,20.0667,17.600000000000023,59,63,5.89,LY,1670210644
444,dewa,27.0333,81.1667,15.0,44,0,1.52,IN,1670210645
445,mount gambier,-37.8333,140.7667,16.010000000000048,52,93,5.72,AU,1670210645
446,cherskiy,68.75,161.3,-32.51999999999998,92,5,2.28,RU,1670210646
447,arraias,-12.9288,-46.9437,18.81,95,28,1.87,BR,1670210647
448,druzhba,52.0428,33.9453,-8.049999999999955,61,34,4.79,UA,1670210647
449,hervey bay,-25.2986,152.8535,25.02000000000004,66,40,4.98,AU,1670210648
450,kulu,39.0951,33.0799,4.82000000000005,82,100,2.59,TR,1670210648
451,chiltepec,18.4847,-96.9019,19.58000000000004,92,87,0.17,MX,1670210649
452,tarabha,20.7333,83.65,20.970000000000027,55,3,0.7,IN,1670210649
453,kupang,-10.1667,123.5833,31.32000000000005,74,20,3.6,ID,1670210650
454,sakaraha,-22.9,44.5333,22.150000000000038,70,16,1.01,MG,1670210650
455,ixtapa,20.7,-105.2,25.129999999999995,88,20,0.0,MX,1670210651
456,porto novo,6.4965,2.6036,25.930000000000007,88,28,2.2,BJ,1670210651
457,dibrugarh,27.4833,94.9,21.03000000000003,64,20,2.06,IN,1670210652
458,husavik,66.0449,-17.3389,0.8300000000000409,71,95,3.84,IS,1670210652
459,jaltepec,19.7333,-98.6333,9.660000000000023,71,0,2.12,MX,1670210653
460,okhotsk,59.3833,143.3,-30.049999999999983,84,13,5.63,RU,1670210653
461,pingliang,35.5392,106.6861,0.7900000000000205,43,11,1.53,CN,1670210654
462,niamey,13.5137,2.1098,26.160000000000025,21,0,3.09,NE,1670210654
463,half moon bay,37.4636,-122.4286,12.660000000000023,89,75,3.09,US,1670210409
464,aksarayskiy,46.7924,48.0119,-7.649999999999977,41,0,3.56,RU,1670210655
465,risor,58.7206,9.2342,-2.0600000000000023,79,77,4.68,NO,1670210655
466,vestmanna,62.1564,-7.1664,4.510000000000048,81,20,6.17,FO,1670210656
467,artyom,40.4723,50.333,3.080000000000041,59,99,5.45,AZ,1670210656
468,vangaindrano,-23.35,47.6,22.55000000000001,93,100,1.13,MG,1670210657
469,krasnokholmskiy,55.9873,55.0466,-13.489999999999952,96,100,3.21,RU,1670210657
470,sumbe,-11.2061,13.8437,24.450000000000045,85,99,1.67,AO,1670210658
471,neftcala,39.3742,49.2472,6.6200000000000045,59,100,5.63,AZ,1670210658
472,ulaangom,49.9811,92.0667,-25.119999999999976,93,99,0.7,MN,1670210659
473,riyadh,24.6877,46.7219,17.08000000000004,39,75,4.58,SA,1670210448
474,varhaug,58.6147,5.6457,-0.6200000000000045,59,2,2.41,NO,1670210659
475,santa isabel do rio negro,-0.4139,-65.0192,22.129999999999995,99,76,1.27,BR,1670210660
476,woodward,36.4337,-99.3904,7.57000000000005,84,0,2.57,US,1670210660
477,luebo,-5.35,21.4167,19.170000000000016,99,100,0.95,CD,1670210661
478,lashio,22.9333,97.75,21.090000000000032,53,1,0.45,MM,1670210661
479,haines junction,60.7522,-137.5108,-20.029999999999973,84,49,0.51,CA,1670210662
480,sena madureira,-9.0656,-68.6569,24.200000000000045,70,57,1.06,BR,1670210662
481,severnoye,56.3491,78.3619,-25.58999999999997,99,19,0.42,RU,1670210663
482,san jeronimo,-11.9472,-75.2829,8.020000000000039,88,100,1.58,PE,1670210663
483,villa carlos paz,-31.4241,-64.4978,26.33000000000004,26,2,0.89,AR,1670210664
484,sinor,21.9167,73.3333,20.010000000000048,49,10,2.71,IN,1670210664
485,acari,-15.4311,-74.6158,21.02000000000004,75,25,1.13,PE,1670210665
486,keti bandar,24.1447,67.4497,22.03000000000003,28,0,3.38,PK,1670210665
487,licheng,23.2955,113.8284,15.960000000000036,61,91,3.38,CN,1670210666
488,pangoa,-12.1167,-73.0,19.340000000000032,98,32,1.38,PE,1670210666
489,staryy nadym,65.6118,72.6842,-6.5,90,99,5.73,RU,1670210667
490,duma,34.7653,108.135,1.7900000000000205,31,0,2.16,CN,1670210667
491,voh,-20.9667,164.7,31.090000000000032,62,95,3.33,NC,1670210668
492,garowe,8.4054,48.4845,18.99000000000001,72,73,3.22,SO,1670210668
493,jejuri,18.2833,74.1667,23.590000000000032,61,91,3.52,IN,1670210494
494,comodoro rivadavia,-45.8667,-67.5,19.920000000000016,34,0,8.23,AR,1670210669
495,changchun,43.88,125.3228,-8.019999999999982,45,0,6.13,CN,1670210669
496,karratha,-20.7377,116.8463,36.660000000000025,25,6,5.69,AU,1670210670
497,naron,43.5167,-8.1528,10.010000000000048,84,82,2.35,ES,1670210670
498,kouqian,43.6391,126.4578,-9.269999999999982,58,2,5.56,CN,1670210671
499,yertsevo,60.7966,40.086,-9.689999999999998,82,100,3.6,RU,1670210671
500,tezu,27.9167,96.1667,23.5,26,0,0.51,IN,1670210672
501,kodinsk,58.6881,99.1844,-15.560000000000002,95,100,4.41,RU,1670210672
502,ler,8.3018,30.1418,23.27000000000004,42,47,1.08,SS,1670210673
503,kabansk,52.0486,106.6528,-9.72999999999996,84,100,2.12,RU,1670210673
504,aksarka,66.5606,67.7975,-14.259999999999993,93,47,1.92,RU,1670210674
505,praya,14.9215,-23.5087,20.30000000000001,73,20,3.09,CV,1670210674
506,guarapari,-20.6667,-40.4975,22.160000000000025,91,100,4.06,BR,1670210674
507,kampot,10.6167,104.1833,29.03000000000003,79,57,3.79,KH,1670210675
508,muzhi,65.3667,64.6667,-14.269999999999982,92,78,1.97,RU,1670210675
509,luancheng,37.8792,114.6517,2.090000000000032,24,0,0.54,CN,1670210676
510,torbat-e jam,35.244,60.6225,-2.7099999999999795,73,94,2.17,IR,1670210676
511,zaria,11.1113,7.7227,20.590000000000032,30,5,4.35,NG,1670210677
512,copsa mica,46.1167,24.25,1.7700000000000389,88,86,2.13,RO,1670210677
513,lat yao,15.751,99.7893,27.54000000000002,73,12,2.34,TH,1670210677
514,kovdor,67.5662,30.4758,-13.409999999999968,98,89,2.06,RU,1670210678
515,honiara,-9.4333,159.95,28.75,73,100,2.35,SB,1670210678
516,anton lizardo,19.05,-95.9833,24.120000000000005,78,50,3.01,MX,1670210679
517,evensk,61.95,159.2333,-12.72999999999996,88,100,6.17,RU,1670210679
518,talara,-4.5772,-81.2719,18.94,89,58,3.84,PE,1670210679
519,auki,-8.7676,160.7034,28.33000000000004,75,100,2.85,SB,1670210680
520,karia,11.7306,11.1629,19.470000000000027,29,0,4.17,NG,1670210680
521,elat,29.5581,34.9482,14.910000000000023,63,0,3.09,IL,1670210681
